name,ID,Description
PES Abaitará,5563,nature reserve in Brazil (PES)
REBIO Abufari,617,nature reserve in Brazil (REBIO)
PES Acaraí,4816,nature reserve in Brazil (PES)
PARNA Acari,4847,nature reserve in Brazil (PARNA)
ESEC Acauã,2134,nature reserve in Brazil (ESEC)
RESEX Acaú-Goiana,4866,nature reserve in Brazil (RESEX)
FLONA Açu,2792,nature reserve in Brazil (FLONA)
FES Afluente do Complexo do Seringal Jurupari (PROVISÒRIA),5460,nature reserve in Brazil (FES)
REBIO Aguaí,1155,nature reserve in Brazil (REBIO)
ESEC Água Limpa,2114,nature reserve in Brazil (ESEC)
PES Aguapeí,2940,nature reserve in Brazil (PES)
PES Águas da Billings,6031,nature reserve in Brazil (PES)
PES Águas da Prata,1055,nature reserve in Brazil (PES)
ARIE Águas de São João,3081,nature reserve in Brazil (ARIE)
ESEC Águas do Cuiabá,2311,nature reserve in Brazil (ESEC)
PES Águas do Paraíso,6050,nature reserve in Brazil (PES)
ESEC Águas Emendadas,1299,nature reserve in Brazil (ESEC)
ARIE Águas Emendadas dos Inhamuns,5646,nature reserve in Brazil (ARIE)
PES Águas Lindas,5644,nature reserve in Brazil (PES)
PES Águas Quentes,1175,nature reserve in Brazil (PES)
APA Águas Vertentes,2821,nature reserve in Brazil (APA)
RVS Aimorés,5652,nature reserve in Brazil (RVS)
ESEC Aiuaba,1008,nature reserve in Brazil (ESEC)
PES Alberto Lofgren (Horto),5003,nature reserve in Brazil (PES)
RDS Alcobaça,3168,nature reserve in Brazil (RDS)
APA Aldeia Beberibe,5479,nature reserve in Brazil (APA)
APA Algodoal-Maiandeua,774,nature reserve in Brazil (APA)
FLONA Altamira,1328,nature reserve in Brazil (FLONA)
PES Altamiro de Moura Pacheco,2576,nature reserve in Brazil (PES)
PARNA Alto Cariri,5140,nature reserve in Brazil (PARNA)
PES Alto Cariri (PES),4699,nature reserve in Brazil (PES)
REBIO Alto da Serra de Paranapiacaba,1073,nature reserve in Brazil (REBIO)
APA Alto Iguaçu,5232,nature reserve in Brazil (APA)
RESEX Alto Juruá,625,nature reserve in Brazil (RESEX)
ESEC Alto Maués,4855,nature reserve in Brazil (ESEC)
APA Alto Mucuri,5483,nature reserve in Brazil (APA)
APA Altos Cursos dos Rios Gurguéia e Uruçuí-Vermelho,5468,nature reserve in Brazil (APA)
RESEX Alto Tarauacá,1378,nature reserve in Brazil (RESEX)
RDS Amanã,1316,nature reserve in Brazil (RDS)
FLONA Amanã,4443,nature reserve in Brazil (FLONA)
FLONA Amapá,637,nature reserve in Brazil (FLONA)
FES Amapá,4804,nature reserve in Brazil (FES)
PES Amaporã (Jurema),3049,nature reserve in Brazil (PES)
FLONA Amazonas,638,nature reserve in Brazil (FLONA)
PARNA Amazônia,590,nature reserve in Brazil (PARNA)
RBIOSF Amazonia Central,5082,nature reserve in Brazil (RBIOSF)
FLONA Anauá,4267,nature reserve in Brazil (FLONA)
PARNA Anavilhanas,601,nature reserve in Brazil (PARNA)
ESEC Angatuba (ESEC),888,nature reserve in Brazil (ESEC)
FES Angatuba (FES),2787,nature reserve in Brazil (FES)
RESEX Angelim,3035,nature reserve in Brazil (RESEX)
APA Anhatomirim,939,nature reserve in Brazil (APA)
FES Antimary,1160,nature reserve in Brazil (FES)
PARNA Aparados da Serra,881,nature reserve in Brazil (PARNA)
RESEC Apiacás,2154,nature reserve in Brazil (RESEC)
FES Apuí,4260,nature reserve in Brazil (FES)
RESEX Aquariquara,3034,nature reserve in Brazil (RESEX)
PES ARA,2210,nature reserve in Brazil (PES)
ESEC Aracuri-Esmeralda,934,nature reserve in Brazil (ESEC)
FES Araguaia,3257,nature reserve in Brazil (FES)
PARNA Araguaia,591,nature reserve in Brazil (PARNA)
PES Araguaia,2264,nature reserve in Brazil (PES)
PES Araguaia (PES- GO),3256,nature reserve in Brazil (PES)
RESEX Arapiranga-Tromaí,5454,nature reserve in Brazil (RESEX)
RESEX Arapixi,4484,nature reserve in Brazil (RESEX)
FERS Araras,3019,nature reserve in Brazil (FERS)
REBIO Araras (REBIO),2185,nature reserve in Brazil (REBIO)
RVS Ararinha Azul,5572,nature reserve in Brazil (RVS)
APA Ararinha Azul,5571,nature reserve in Brazil (APA)
FLONA Araripe-Apodi,1000,nature reserve in Brazil (FLONA)
ESEC Aratinga,2715,nature reserve in Brazil (ESEC)
PARNA Araucárias,4383,nature reserve in Brazil (PARNA)
PES Araucárias (PR),3051,nature reserve in Brazil (PES)
REBIO Araucárias (REBIO),4458,nature reserve in Brazil (REBIO)
PES Araucárias (SC),3547,nature reserve in Brazil (PES)
APA Área Estuarina do Canal de Santa Cruz,1255,nature reserve in Brazil (APA)
APA Área Estuarina do Rio Beberibe,1258,nature reserve in Brazil (APA)
APA Área Estuarina do Rio Capibaribe,1259,nature reserve in Brazil (APA)
APA Área Estuarina do Rio Carro Quebrado,1263,nature reserve in Brazil (APA)
APA Área Estuarina do Rio Formoso,1262,nature reserve in Brazil (APA)
APA Área Estuarina do Rio Itapessoca,1252,nature reserve in Brazil (APA)
APA Área Estuarina do Rio Jaguaribe,1254,nature reserve in Brazil (APA)
APA Área Estuarina do Rio Paratibe,1257,nature reserve in Brazil (APA)
APA Área Estuarina do Rio Timbó,1256,nature reserve in Brazil (APA)
APA Área Estuarina do Rio Una,1264,nature reserve in Brazil (APA)
APA Área Estuarina dos Rios Goiana e Megaó,1251,nature reserve in Brazil (APA)
APA Área Estuarina dos Rios Jaboatão e Pirapama,1260,nature reserve in Brazil (APA)
APA Área Estuarina dos Rios Sirinhaém e Maracaipe,1261,nature reserve in Brazil (APA)
ESEC Arêdes,5394,nature reserve in Brazil (ESEC)
RESEX Arióca Pruanã,4450,nature reserve in Brazil (RESEX)
FLONA Aripuanã,4848,nature reserve in Brazil (FLONA)
FES Aripuanã,4259,nature reserve in Brazil (FES)
RDS Aripuanã,4262,nature reserve in Brazil (RDS)
REBIO Arqueológica de Guaratiba,2186,nature reserve in Brazil (REBIO)
RVS Arquipélago de Alcatrazes,5203,nature reserve in Brazil (RVS)
MONAT Arquipélago de São Pedro e São Paulo,5519,nature reserve in Brazil (MONAT)
APA Arquipelago de Trindade e Martim Vaz,5476,nature reserve in Brazil (APA)
APA Arquipélago do Marajó,1362,nature reserve in Brazil (APA)
APA Arquipélago Fernando de Noronha,2796,nature reserve in Brazil (APA)
APA Arquipélago São Pedro e São Paulo,5475,nature reserve in Brazil (APA)
MONAT Árvores Fossilizadas do Estado do Tocantins,2963,nature reserve in Brazil (MONAT)
ESEC Assis (ESEC),960,nature reserve in Brazil (ESEC)
FES Assis (FES),2768,nature reserve in Brazil (FES)
FLONA Assungui,1297,nature reserve in Brazil (FLONA)
MONAT Atalaia,5234,nature reserve in Brazil (MONAT)
REBIO Atol das Rocas,1007,nature reserve in Brazil (REBIO)
RESEX Auatí-Paraná,1397,nature reserve in Brazil (RESEX)
REBIO Augusto Ruschi,990,nature reserve in Brazil (REBIO)
FES Avaré,1068,nature reserve in Brazil (FES)
ESEC Avaré,6029,nature reserve in Brazil (ESEC)
FES Avaré II,5656,nature reserve in Brazil (FES)
PES Bacanga,762,nature reserve in Brazil (PES)
APA Bacia do Cobre/São Bartolomeu,2952,nature reserve in Brazil (APA)
APA Bacia do Rio de Janeiro,1018,nature reserve in Brazil (APA)
APA Bacia do Rio Descoberto,1304,nature reserve in Brazil (APA)
APA Bacia do Rio Pratagi,2063,nature reserve in Brazil (APA)
APA Bacia do Rio São Bartolomeu,1305,nature reserve in Brazil (APA)
APA Bacia do Rio São João/Mico-Leão-Dourado,3202,nature reserve in Brazil (APA)
APA Bacia Hidrográfica do Rio Machado,3423,nature reserve in Brazil (APA)
APA Bacia Hidrográfica do Rio Uberaba,3421,nature reserve in Brazil (APA)
APA Bacias do Gama e Cabeça-do-Veado,1302,nature reserve in Brazil (APA)
APA Baía de Camamu,3564,nature reserve in Brazil (APA)
APA Baía de Todos os Santos,2849,nature reserve in Brazil (APA)
RESEX Baía do Tubarão,5455,nature reserve in Brazil (RESEX)
APA Baia Negra,5212,nature reserve in Brazil (APA)
APA Bairro da Usina,953,nature reserve in Brazil (APA)
APA Baixada Maranhense,785,nature reserve in Brazil (APA)
RESEX Baixo Juruá,1395,nature reserve in Brazil (RESEX)
RESEX Baixo Rio Branco-Jauaperi,4473,nature reserve in Brazil (RESEX)
FLONA Balata-Tufari,4266,nature reserve in Brazil (FLONA)
APA Baleia Franca,2581,nature reserve in Brazil (APA)
ESEC Bananal,905,nature reserve in Brazil (ESEC)
APA Banhado,3447,nature reserve in Brazil (APA)
RVS Banhado do Maçarico,5654,nature reserve in Brazil (RVS)
RVS Banhado dos Pachecos,2167,nature reserve in Brazil (RVS)
APA Banhado Grande,3040,nature reserve in Brazil (APA)
ESEC Banhados do Iguape,4470,nature reserve in Brazil (ESEC)
RDS Bararati,4255,nature reserve in Brazil (RDS)
APA Barra do Rio Mamanguape,932,nature reserve in Brazil (APA)
RDS Barra do Una,4770,nature reserve in Brazil (RDS)
RDS Barreiro Anhemas,4931,nature reserve in Brazil (RDS)
RESEX Barreiro das Antas,1398,nature reserve in Brazil (RESEX)
ESEC Barreiro Rico,5487,nature reserve in Brazil (ESEC)
APA Barreiro Rico,6023,nature reserve in Brazil (APA)
FES Batatais,2788,nature reserve in Brazil (FES)
RESEX Batoque,3523,nature reserve in Brazil (RESEX)
FES Bebedouro,2789,nature reserve in Brazil (FES)
APA Bica do Ipu,2800,nature reserve in Brazil (APA)
REBIO Biodiversidade COP9 MOP4,6067,nature reserve in Brazil (REBIO)
PES Biribiri,2815,nature reserve in Brazil (PES)
ESEC Bita e Utinga,5482,nature reserve in Brazil (ESEC)
PARNA Boa Nova,4697,nature reserve in Brazil (PARNA)
RVS Boa Nova (RVS),4698,nature reserve in Brazil (RVS)
PES Boguaçu,2436,nature reserve in Brazil (PES)
FLONA Bom Futuro,639,nature reserve in Brazil (FLONA)
RDS Bom Jardim,5558,nature reserve in Brazil (RDS)
REBIO Bom Jesus,5302,nature reserve in Brazil (REBIO)
APA Bonfim/Guaraíra,2563,nature reserve in Brazil (APA)
APA Boqueirão da Onça,5567,nature reserve in Brazil (APA)
PARNA Boqueirão da Onça,5115,nature reserve in Brazil (PARNA)
APA Boqueirão do Rio Poti,6069,nature reserve in Brazil (APA)
ARIE Bosque,3090,nature reserve in Brazil (ARIE)
PES Botânico do Ceará,3010,nature reserve in Brazil (PES)
FES Botucatu,1072,nature reserve in Brazil (FES)
PES Botumirim,6044,nature reserve in Brazil (PES)
ESEC Bracinho,2272,nature reserve in Brazil (ESEC)
FLONA Brasília (FLONA),2529,nature reserve in Brazil (FLONA)
PARNA Brasília (PARNA),1279,nature reserve in Brazil (PARNA)
ARIE Buriti,1270,nature reserve in Brazil (ARIE)
ARIE Buriti de Vassununga,894,nature reserve in Brazil (ARIE)
RBIOSF Caatinga,5614,nature reserve in Brazil (RBIOSF)
CEC Caatinga,4472,nature reserve in Brazil (CEC)
PES Cabeça do Cachorro (ARIE),1269,nature reserve in Brazil (PES)
RVS Cabeceiras do Capibaribe,6062,nature reserve in Brazil (RVS)
APA Cabeceiras do Rio Cuiabá,1348,nature reserve in Brazil (APA)
PARNA Cabo Orange,592,nature reserve in Brazil (PARNA)
APA Cabreúva,973,nature reserve in Brazil (APA)
FLONA Caçador (FLONA),1293,nature reserve in Brazil (FLONA)
PES Cachoeira da Fumaça (PES),1021,nature reserve in Brazil (PES)
APA Cachoeira das Andorinhas,2098,nature reserve in Brazil (APA)
MONAT Cachoeira do Ferro Doido,3084,nature reserve in Brazil (MONAT)
MONAT Cachoeira do Rio Batateira,6077,nature reserve in Brazil (MONAT)
APA Cachoeira do Urubu,3055,nature reserve in Brazil (APA)
ESEC Caetés,1221,nature reserve in Brazil (ESEC)
ESEC Caetetus,920,nature reserve in Brazil (ESEC)
APA Cafuringa,1301,nature reserve in Brazil (APA)
APA Cairuçu,942,nature reserve in Brazil (APA)
ESEC Caiuá,1183,nature reserve in Brazil (ESEC)
APA Cajamar,971,nature reserve in Brazil (APA)
APA Cajati,4939,nature reserve in Brazil (APA)
FES Cajuru,1079,nature reserve in Brazil (FES)
PES Camaquã,2292,nature reserve in Brazil (PES)
ARIE Cambeba,5649,nature reserve in Brazil (ARIE)
PES Caminho dos Gerais,4822,nature reserve in Brazil (PES)
APA Caminhos Ecológicos da Boa Esperança,3565,nature reserve in Brazil (APA)
RDS Campina,6104,nature reserve in Brazil (RDS)
PES Campina do Encantado,850,nature reserve in Brazil (PES)
PES Campinhos,2240,nature reserve in Brazil (PES)
RDS Campo das Mangabas,5380,nature reserve in Brazil (RDS)
PES Campos Altos,5522,nature reserve in Brazil (PES)
PARNA Campos Amazônicos,4483,nature reserve in Brazil (PARNA)
APA Campos de Manicoré,5432,nature reserve in Brazil (APA)
RVS Campos de Palmas,4471,nature reserve in Brazil (RVS)
APA Campos do Jordão (APA),972,nature reserve in Brazil (APA)
PES Campos do Jordão (PES),1063,nature reserve in Brazil (PES)
PARNA Campos Ferruginosos,5447,nature reserve in Brazil (PARNA)
PARNA Campos Gerais,4457,nature reserve in Brazil (PARNA)
APA Cananéia - Iguape - Peruíbe,967,nature reserve in Brazil (APA)
RESEX Canavieiras,4481,nature reserve in Brazil (RESEX)
FLONA Canela,1290,nature reserve in Brazil (FLONA)
REBIO Canela Preta,1153,nature reserve in Brazil (REBIO)
PES Cânion Cearense do Rio Poti,6068,nature reserve in Brazil (PES)
PES Cânion do Rio Poti,3058,nature reserve in Brazil (PES)
MONAT Canions do Subaé,5497,nature reserve in Brazil (MONAT)
RVS Canjerana,3096,nature reserve in Brazil (RVS)
PES Cantão,1407,nature reserve in Brazil (PES)
PES Cantareira,5002,nature reserve in Brazil (PES)
PES Canudos,2083,nature reserve in Brazil (PES)
RDS Canumã,4333,nature reserve in Brazil (RDS)
RESEX Canutama,5053,nature reserve in Brazil (RESEX)
FES Canutama,5054,nature reserve in Brazil (FES)
FLONA Capão Bonito,1298,nature reserve in Brazil (FLONA)
PARNA Caparaó,999,nature reserve in Brazil (PARNA)
ARIE Capetinga-Taquara,1306,nature reserve in Brazil (ARIE)
ESEC Caracaraí,602,nature reserve in Brazil (ESEC)
PES Caracol,2293,nature reserve in Brazil (PES)
APA Caraíva/Trancoso,1206,nature reserve in Brazil (APA)
FLONA Carajás,1330,nature reserve in Brazil (FLONA)
ESEC Carijós,1102,nature reserve in Brazil (ESEC)
APA Cariri,4700,nature reserve in Brazil (APA)
PES Carlos Botelho,878,nature reserve in Brazil (PES)
PES Carnaúbas,5512,nature reserve in Brazil (PES)
APA Carste de Lagoa Santa,1108,nature reserve in Brazil (APA)
MONAT Casa de Pedra,6074,nature reserve in Brazil (MONAT)
RESEX Cassurubá,4778,nature reserve in Brazil (RESEX)
ESEC Castanhão,2885,nature reserve in Brazil (ESEC)
RESEX Castanheira,3033,nature reserve in Brazil (RESEX)
PARNA Catimbau,3462,nature reserve in Brazil (PARNA)
APA Catolé e de Fernão Velho,1050,nature reserve in Brazil (APA)
RESEX Catuá-Ipixuna,3551,nature reserve in Brazil (RESEX)
PES Caverna do Diabo,4928,nature reserve in Brazil (PES)
APA Caverna do Maroaga (Presidente Figueiredo),790,nature reserve in Brazil (APA)
APA Cavernas do Peruaçu (APA),951,nature reserve in Brazil (APA)
PARNA Cavernas do Peruaçu (PARNA),2562,nature reserve in Brazil (PARNA)
PES Caxambu (PR),2241,nature reserve in Brazil (PES)
FLONA Caxiuanã,640,nature reserve in Brazil (FLONA)
RESEX Cazumbá-Iracema,3412,nature reserve in Brazil (RESEX)
FERS Cedro,3038,nature reserve in Brazil (FERS)
CEC Central da Amazônia,5119,nature reserve in Brazil (CEC)
MONAT Centro Geodésico da América Latina,5629,nature reserve in Brazil (MONAT)
ESEC Cercadinho,2837,nature reserve in Brazil (ESEC)
PES Cerca Grande,5555,nature reserve in Brazil (PES)
REBIO Cerradão,2955,nature reserve in Brazil (REBIO)
PES Cerrado,1185,nature reserve in Brazil (PES)
RBIOSF Cerrado do Distrito Federal,3128,nature reserve in Brazil (RBIOSF)
ARIE Cerrado Pé de Gigante,1166,nature reserve in Brazil (ARIE)
PES Chácara da Baronesa,903,nature reserve in Brazil (PES)
PES Chacrinha (PES),2107,nature reserve in Brazil (PES)
PES Chandless,3556,nature reserve in Brazil (PES)
ESEC Chapada da Serra Branca,5650,nature reserve in Brazil (ESEC)
PARNA Chapada das Mesas,4417,nature reserve in Brazil (PARNA)
ESEC Chapada de Nova Roma,5645,nature reserve in Brazil (ESEC)
PARNA Chapada Diamantina,978,nature reserve in Brazil (PARNA)
APA Chapada do Araripe,1194,nature reserve in Brazil (APA)
PARNA Chapada dos Guimarães,599,nature reserve in Brazil (PARNA)
APA Chapada dos Guimarães,1142,nature reserve in Brazil (APA)
PARNA Chapada dos Veadeiros,1277,nature reserve in Brazil (PARNA)
RESEX Chapada Limpa,4776,nature reserve in Brazil (RESEX)
FLONA Chapecó,1294,nature reserve in Brazil (FLONA)
PES Charapucu,5130,nature reserve in Brazil (PES)
ESEC Chauás,965,nature reserve in Brazil (ESEC)
RESEX Chico Mendes,626,nature reserve in Brazil (RESEX)
RESEX Chocoaré - Mato Grosso,3468,nature reserve in Brazil (RESEX)
RBIOSF Cinturão Verde,6089,nature reserve in Brazil (RBIOSF)
RESEX Ciriaco,630,nature reserve in Brazil (RESEX)
APA Cochá e Gibão,5065,nature reserve in Brazil (APA)
REBIO Comboios,982,nature reserve in Brazil (REBIO)
APA Conceição da Barra,2894,nature reserve in Brazil (APA)
RDS Concha dOstra,5641,nature reserve in Brazil (RDS)
REBIO Contagem,3461,nature reserve in Brazil (REBIO)
FLONA Contendas do Sincorá,2560,nature reserve in Brazil (FLONA)
RVS Corixão da Mata Azul,2778,nature reserve in Brazil (RVS)
APA Coroa Vermelha (APA),1017,nature reserve in Brazil (APA)
FES Córrego da Biquinha,1182,nature reserve in Brazil (FES)
ARIE Córrego da Cabeceira do Valo,5491,nature reserve in Brazil (ARIE)
REBIO Córrego do Veado,853,nature reserve in Brazil (REBIO)
REBIO Córrego Grande (REBIO),866,nature reserve in Brazil (REBIO)
ARIE Córrego Mato Grande,5493,nature reserve in Brazil (ARIE)
ESEC Corumbá,2130,nature reserve in Brazil (ESEC)
"APA Corumbatai, Botucatu e Tejupá",884,nature reserve in Brazil (APA)
PES Corumbiara,829,nature reserve in Brazil (PES)
APA Costa das Algas,5144,nature reserve in Brazil (APA)
APA Costa de Itacaré/Serra Grande,1202,nature reserve in Brazil (APA)
APA Costa dos Corais,1289,nature reserve in Brazil (APA)
PES Costa do Sol,5207,nature reserve in Brazil (PES)
FLONA Crepori,4444,nature reserve in Brazil (FLONA)
PES Cristalino,1375,nature reserve in Brazil (PES)
PES Cristalino II,1391,nature reserve in Brazil (PES)
FLONA Cristópolis,2681,nature reserve in Brazil (FLONA)
ARIE Cruls,5490,nature reserve in Brazil (ARIE)
RDS Cujubim,3550,nature reserve in Brazil (RDS)
REBIO Culuene,778,nature reserve in Brazil (REBIO)
PES Cunhambebe,4975,nature reserve in Brazil (PES)
ESEC Cuniã,1404,nature reserve in Brazil (ESEC)
ESEC Curral do Meio,5484,nature reserve in Brazil (ESEC)
RESEX Curralinho,1321,nature reserve in Brazil (RESEX)
RESEX Cururupu,4239,nature reserve in Brazil (RESEX)
PES Delta do Jacuí,2294,nature reserve in Brazil (PES)
APA Delta do Jacuí,5227,nature reserve in Brazil (APA)
APA Delta do Parnaíba (Federal),1150,nature reserve in Brazil (APA)
APA Delta do Rio Parnaíba,3500,nature reserve in Brazil (APA)
PARNA Descobrimento,2518,nature reserve in Brazil (PARNA)
PES Desengano (PES),2182,nature reserve in Brazil (PES)
RDS Despraiado,4767,nature reserve in Brazil (RDS)
PES Dois Irmãos,1225,nature reserve in Brazil (PES)
MONAT Dom Bosco,4991,nature reserve in Brazil (MONAT)
PES Dom Osório Stoffel,3451,nature reserve in Brazil (PES)
REBIO Duas Bocas,1034,nature reserve in Brazil (REBIO)
APA Dunas da Lagoinha,2804,nature reserve in Brazil (APA)
PES Dunas de Natal,2011,nature reserve in Brazil (PES)
APA Dunas de Paracuru,2803,nature reserve in Brazil (APA)
APA Dunas do Litoral Oeste (Pecém),2797,nature reserve in Brazil (APA)
APA Dunas do Rosado,6063,nature reserve in Brazil (APA)
APA Dunas e Veredas do Baixo-Médio São Francisco,2882,nature reserve in Brazil (APA)
FES Edmundo Navarro de Andrade,2945,nature reserve in Brazil (FES)
PARNA Emas,1276,nature reserve in Brazil (PARNA)
APA Encantado,5485,nature reserve in Brazil (APA)
PES Encontro das Águas,4253,nature reserve in Brazil (PES)
RVS Engenho Moreninho,5532,nature reserve in Brazil (RVS)
APA Escarpa Devoniana,3448,nature reserve in Brazil (APA)
PES Espigão Alto,2295,nature reserve in Brazil (PES)
PES Espinilho,2296,nature reserve in Brazil (PES)
REBIO Estação Experimental de Pindorama,859,nature reserve in Brazil (REBIO)
APA Estrada-Parque de Piraputanga,3063,nature reserve in Brazil (APA)
APA Estuário do Rio Ceará,2801,nature reserve in Brazil (APA)
APA Estuário do Rio Curú,2799,nature reserve in Brazil (APA)
APA Estuário do Rio Mundaú,2802,nature reserve in Brazil (APA)
MONAT Experiência da Jaguara,5501,nature reserve in Brazil (MONAT)
RESEX Extremo Norte do Tocantins,631,nature reserve in Brazil (RESEX)
MONAT Falésias de Beberibe,5498,nature reserve in Brazil (MONAT)
FES Faro,4640,nature reserve in Brazil (FES)
REBIO Fazenda Experimental de Zootecnia de Sertãozinho,858,nature reserve in Brazil (REBIO)
ARIE Fazenda Raposa,6071,nature reserve in Brazil (ARIE)
APA Fazendinha,809,nature reserve in Brazil (APA)
ESEC Fechos,2546,nature reserve in Brazil (ESEC)
ESEC Fernandes Pinheiro,2899,nature reserve in Brazil (ESEC)
APA Fernando de Noronha - Rocas - São Pedro e São Paulo,952,nature reserve in Brazil (APA)
APA Fernão Dias,2819,nature reserve in Brazil (APA)
PES Florêncio Luciano,2012,nature reserve in Brazil (PES)
ARIE Floresta da Cicuta,2003,nature reserve in Brazil (ARIE)
PES Fonte Grande,1019,nature reserve in Brazil (PES)
PES Fontes do Ipiranga,1077,nature reserve in Brazil (PES)
PES Forno Grande (PES),2162,nature reserve in Brazil (PES)
APA Foz do Rio das Preguiças,784,nature reserve in Brazil (APA)
APA Foz do Rio Santa Teresa,2962,nature reserve in Brazil (APA)
APA Frades,2171,nature reserve in Brazil (APA)
RESEX Freijó,3032,nature reserve in Brazil (RESEX)
PES Fritz Plaumann,3567,nature reserve in Brazil (PES)
PARNA Furna Feia,5303,nature reserve in Brazil (PARNA)
PES Furnas do Bom Jesus,928,nature reserve in Brazil (PES)
REBIO Gama,2531,nature reserve in Brazil (REBIO)
RVS Garça Branca,3092,nature reserve in Brazil (RVS)
RESEX Garrote,3031,nature reserve in Brazil (RESEX)
RVS Gatumé,6082,nature reserve in Brazil (RVS)
FERS Gavião,3020,nature reserve in Brazil (FERS)
APA Gericinó/Mendanha,2172,nature reserve in Brazil (APA)
ARIE Goiamunduba,2898,nature reserve in Brazil (ARIE)
FLONA Goytacazes,3455,nature reserve in Brazil (FLONA)
PES Graciosa,1189,nature reserve in Brazil (PES)
PES Grajaú,2195,nature reserve in Brazil (PES)
PARNA Grande Sertão Veredas,943,nature reserve in Brazil (PARNA)
ARIE Granja do Ipê,2956,nature reserve in Brazil (ARIE)
PES Grão Mogol,2817,nature reserve in Brazil (PES)
ESEC Grão-Pará,4638,nature reserve in Brazil (ESEC)
MONAT Grota do Angico,4902,nature reserve in Brazil (MONAT)
PES Gruta da Lagoa Azul,2777,nature reserve in Brazil (PES)
MONAT Gruta da Lancinha,6064,nature reserve in Brazil (MONAT)
MONAT Gruta do Lago Azul,3497,nature reserve in Brazil (MONAT)
APA Gruta dos Brejões/Vereda do Romão Gramacho,2878,nature reserve in Brazil (APA)
MONAT Gruta Rei do Mato,2099,nature reserve in Brazil (MONAT)
MONAT Gruta Rei do Mato,6040,nature reserve in Brazil (MONAT)
APA Guadalupe,2795,nature reserve in Brazil (APA)
APA Guaibim,1026,nature reserve in Brazil (APA)
PES Guajará-Mirim,830,nature reserve in Brazil (PES)
APA Guajuma,786,nature reserve in Brazil (APA)
ESEC Guanabara,4456,nature reserve in Brazil (ESEC)
APA Guapimirim,980,nature reserve in Brazil (APA)
REBIO Guaporé,619,nature reserve in Brazil (REBIO)
REBIO Guará,3260,nature reserve in Brazil (REBIO)
ARIE Guará (ARIE),5022,nature reserve in Brazil (ARIE)
ESEC Guaraguaçu (ESEC),1186,nature reserve in Brazil (ESEC)
APA Guaraqueçaba (APA Estadual),1187,nature reserve in Brazil (APA)
APA Guaraqueçaba (APA Federal),977,nature reserve in Brazil (APA)
ESEC Guaraqueçaba (ESEC),937,nature reserve in Brazil (ESEC)
APA Guaratuba,1184,nature reserve in Brazil (APA)
RESEX Guariba,4256,nature reserve in Brazil (RESEX)
PES Guariba,4254,nature reserve in Brazil (PES)
RESEX Guariba-Roosevelt,1141,nature reserve in Brazil (RESEX)
REBIO Guaribas,852,nature reserve in Brazil (REBIO)
PARNA Guaricana,5405,nature reserve in Brazil (PARNA)
PES Guartelá,1176,nature reserve in Brazil (PES)
FES Guarulhos,5127,nature reserve in Brazil (FES)
ESEC Guaxindiba,3488,nature reserve in Brazil (ESEC)
PES Guirá,3439,nature reserve in Brazil (PES)
RESEX Gurupá-Melgaço,4637,nature reserve in Brazil (RESEX)
REBIO Gurupi,618,nature reserve in Brazil (REBIO)
APA Haras São Bernardo (APA),1005,nature reserve in Brazil (APA)
FLONA Humaitá,1329,nature reserve in Brazil (FLONA)
RBIOSF IBGE,2538,nature reserve in Brazil (RBIOSF)
PES Ibicatu,1284,nature reserve in Brazil (PES)
ESEC Ibicatu (ESEC),922,nature reserve in Brazil (ESEC)
REBIO Ibicuí Mirim,2312,nature reserve in Brazil (REBIO)
PES Ibiporã,2250,nature reserve in Brazil (PES)
FLONA Ibirama (FLONA),958,nature reserve in Brazil (FLONA)
APA Ibirapuitã (APA),940,nature reserve in Brazil (APA)
REBIO Ibirapuitã (REBIO),2716,nature reserve in Brazil (REBIO)
APA Ibitinga,976,nature reserve in Brazil (APA)
PES Ibitipoca,2116,nature reserve in Brazil (PES)
PES Ibitiriá,2297,nature reserve in Brazil (PES)
FLONA Ibura,4366,nature reserve in Brazil (FLONA)
RDS Igapó-Açu,4859,nature reserve in Brazil (RDS)
APA Igarapé Gelado,634,nature reserve in Brazil (APA)
APA Igarapé São Francisco,4900,nature reserve in Brazil (APA)
PES Igarapés do Juruena,3449,nature reserve in Brazil (PES)
PARNA Iguaçu,869,nature reserve in Brazil (PARNA)
PES Ilha Anchieta,969,nature reserve in Brazil (PES)
PES Ilhabela,872,nature reserve in Brazil (PES)
APA Ilha Comprida (APA),955,nature reserve in Brazil (APA)
ARIE Ilha Comprida (ARIE),956,nature reserve in Brazil (ARIE)
PES Ilha das Cobras,6066,nature reserve in Brazil (PES)
ARIE Ilha do Ameixal,1167,nature reserve in Brazil (ARIE)
PES Ilha do Cardoso,877,nature reserve in Brazil (PES)
APA Ilha do Combu,2969,nature reserve in Brazil (APA)
ESEC Ilha do Mel (ESEC),1046,nature reserve in Brazil (ESEC)
PES Ilha do Mel (PES),3187,nature reserve in Brazil (PES)
RVS Ilha dos Lobos,985,nature reserve in Brazil (RVS)
RESEX Ilha do Tumba,4936,nature reserve in Brazil (RESEX)
PARNA Ilha Grande (PARNA),1265,nature reserve in Brazil (PARNA)
PES Ilha Grande (PES),2183,nature reserve in Brazil (PES)
MONAT Ilhas Cagarras,2467,nature reserve in Brazil (MONAT)
APA Ilhas de Tinharé e Boipeba,1044,nature reserve in Brazil (APA)
MONAT Ilhas de Trindade e Martim Vaz e do Monte Columbia,5518,nature reserve in Brazil (MONAT)
RVS Ilhas do Abrigo e Guararitama,4771,nature reserve in Brazil (RVS)
RESEC Ilhas do Lago Paranoá,2953,nature reserve in Brazil (RESEC)
APA Ilhas e Várzeas do Rio Paraná,1266,nature reserve in Brazil (APA)
ARIE Ilhas Queimada Pequena e Queimada Grande,1168,nature reserve in Brazil (ARIE)
APA Ingazeiras,3061,nature reserve in Brazil (APA)
PES Intervales,885,nature reserve in Brazil (PES)
FLONA Ipanema,941,nature reserve in Brazil (FLONA)
RESEX Ipaú-Anilzinho,4330,nature reserve in Brazil (RESEX)
RESEX Ipê,3030,nature reserve in Brazil (RESEX)
ARIE Ipojuca-Merepe,6055,nature reserve in Brazil (ARIE)
ESEC Iquê,611,nature reserve in Brazil (ESEC)
FLONA Iquiri,4958,nature reserve in Brazil (FLONA)
APA Iraí (APA),2433,nature reserve in Brazil (APA)
FLONA Irati,1296,nature reserve in Brazil (FLONA)
FES Iriri,4643,nature reserve in Brazil (FES)
ESEC Itaberá,923,nature reserve in Brazil (ESEC)
PES Itaberaba,5125,nature reserve in Brazil (PES)
FLONA Itacaiúnas,1324,nature reserve in Brazil (FLONA)
PES Itacolomi,2117,nature reserve in Brazil (PES)
FLONA Itaituba I,1326,nature reserve in Brazil (FLONA)
FLONA Itaituba II,1327,nature reserve in Brazil (FLONA)
RDS Itapanhapima,4935,nature reserve in Brazil (RDS)
RDS Itapará-Boiaçu,6103,nature reserve in Brazil (RDS)
ESEC Itapeti,924,nature reserve in Brazil (ESEC)
PES Itapetinga,5126,nature reserve in Brazil (PES)
RESEX Itapetininga,5453,nature reserve in Brazil (RESEX)
ESEC Itapeva (ESEC),963,nature reserve in Brazil (ESEC)
PES Itapeva (PES),3471,nature reserve in Brazil (PES)
APA Itapiracó,5159,nature reserve in Brazil (APA)
PES Itapuã,2298,nature reserve in Brazil (PES)
PARNA Itatiaia,992,nature reserve in Brazil (PARNA)
MONAT Itatiaia,5499,nature reserve in Brazil (MONAT)
RDS Itatupã-Baquiá,4331,nature reserve in Brazil (RDS)
RESEX Itaúba,3029,nature reserve in Brazil (RESEX)
PES Itaúnas,1040,nature reserve in Brazil (PES)
PES Itinguçu,4768,nature reserve in Brazil (PES)
ESEC Itirapina (ESEC),959,nature reserve in Brazil (ESEC)
APA Itupararanga,6024,nature reserve in Brazil (APA)
RESEX Ituxi,4851,nature reserve in Brazil (RESEX)
RESEC Jacarenema,2892,nature reserve in Brazil (RESEC)
RESEX Jaci Paraná,1319,nature reserve in Brazil (RESEX)
FLONA Jacundá,4249,nature reserve in Brazil (FLONA)
REBIO Jaíba (REBIO),2118,nature reserve in Brazil (REBIO)
PES Jalapão,1406,nature reserve in Brazil (PES)
APA Jalapão,2958,nature reserve in Brazil (APA)
FLONA Jamanxim,4445,nature reserve in Brazil (FLONA)
PARNA Jamanxim,4447,nature reserve in Brazil (PARNA)
FLONA Jamari,645,nature reserve in Brazil (FLONA)
ARIE Japiim-Pentecoste,4898,nature reserve in Brazil (ARIE)
PES Jaraguá (PES),1056,nature reserve in Brazil (PES)
ESEC Jardim Botânico de Brasília,2539,nature reserve in Brazil (ESEC)
ESEC Jari,605,nature reserve in Brazil (ESEC)
REBIO Jaru,620,nature reserve in Brazil (REBIO)
ESEC Jataí,1058,nature reserve in Brazil (ESEC)
RESEX Jatobá,3027,nature reserve in Brazil (RESEX)
FLONA Jatuarana,3411,nature reserve in Brazil (FLONA)
PARNA Jaú,593,nature reserve in Brazil (PARNA)
ARIE Javari-Buriti,633,nature reserve in Brazil (ARIE)
APA Jenipabu,2013,nature reserve in Brazil (APA)
PARNA Jericoacoara,2970,nature reserve in Brazil (PARNA)
APA Joanes-Ipitanga,1041,nature reserve in Brazil (APA)
APA João Leite,3522,nature reserve in Brazil (APA)
PES João Leite,6051,nature reserve in Brazil (PES)
PES João Paulo II,2434,nature reserve in Brazil (PES)
PES José Inácio da Silva (Zé  Bolo Flô),3546,nature reserve in Brazil (PES)
PES José Lutzemberger (Guarita),2304,nature reserve in Brazil (PES)
FES José Zago,3156,nature reserve in Brazil (FES)
ESEC Juami-Japurá,608,nature reserve in Brazil (ESEC)
RESEC Juatinga,1001,nature reserve in Brazil (RESEC)
RDS Juma,4774,nature reserve in Brazil (RDS)
APA Jundiaí,974,nature reserve in Brazil (APA)
PES Juquery,875,nature reserve in Brazil (PES)
ESEC Juréia-Itatins,880,nature reserve in Brazil (ESEC)
PARNA Juruena,4252,nature reserve in Brazil (PARNA)
PES Jurupará,868,nature reserve in Brazil (PES)
ESEC Jutaí-Solimões,614,nature reserve in Brazil (ESEC)
PES Lagamar de Cananéia,4930,nature reserve in Brazil (PES)
APA Lagamar do Cauípe,2790,nature reserve in Brazil (APA)
APA Lagedão,2924,nature reserve in Brazil (APA)
APA Lagoa da Jansen,779,nature reserve in Brazil (APA)
RVS Lagoa da Turfeira,5637,nature reserve in Brazil (RVS)
APA Lagoa de Guanandy,1029,nature reserve in Brazil (APA)
APA Lagoa de Nazaré,3056,nature reserve in Brazil (APA)
PES Lagoa do Açu,5305,nature reserve in Brazil (PES)
PES Lagoa do Cajueiro,2920,nature reserve in Brazil (PES)
APA Lagoa do Jijoca,2808,nature reserve in Brazil (APA)
PARNA Lagoa do Peixe (PARNA),1106,nature reserve in Brazil (PARNA)
ARIE Lagoa do Portinho,5621,nature reserve in Brazil (ARIE)
APA Lagoa do Uruaú,2798,nature reserve in Brazil (APA)
APA Lagoa Encantada,1207,nature reserve in Brazil (APA)
APA Lagoa Itaparica,2887,nature reserve in Brazil (APA)
APA Lagoas de Guarajuba,1025,nature reserve in Brazil (APA)
APA Lagoas e Dunas do Abaeté,1042,nature reserve in Brazil (APA)
PES Lago Azul,2763,nature reserve in Brazil (PES)
APA Lago de Palmas,2961,nature reserve in Brazil (APA)
APA Lago de Pedra do Cavalo,2881,nature reserve in Brazil (APA)
APA Lago de Peixe/Angical,3166,nature reserve in Brazil (APA)
REBIO Lago de Piratuba,621,nature reserve in Brazil (REBIO)
APA Lago de Santa Isabel,4961,nature reserve in Brazil (APA)
"APA Lago de São Salvador do TO, Paranã e Palmeirópolis",4962,nature reserve in Brazil (APA)
APA Lago de Sobradinho,4785,nature reserve in Brazil (APA)
APA Lago de Tucuruí,2946,nature reserve in Brazil (APA)
APA Lago do Amapá,4899,nature reserve in Brazil (APA)
RESEX Lago do Capanã Grande,4240,nature reserve in Brazil (RESEX)
RESEX Lago do Cedro,4511,nature reserve in Brazil (RESEX)
RESEX Lago do Cuniã,1368,nature reserve in Brazil (RESEX)
APA Lago Paranoá (APA),2954,nature reserve in Brazil (APA)
PES Lajeado,2966,nature reserve in Brazil (PES)
PES Lapa Grande,4904,nature reserve in Brazil (PES)
MONAT Lapa Nova de Vazante,6041,nature reserve in Brazil (MONAT)
MONAT Lapa Vermelha,5502,nature reserve in Brazil (MONAT)
PES Lauráceas,1192,nature reserve in Brazil (PES)
RDS Lavras,4934,nature reserve in Brazil (RDS)
APA Leandro (Ilha do Bananal/Cantão),2959,nature reserve in Brazil (APA)
PARNA Lençóis Maranhenses,595,nature reserve in Brazil (PARNA)
ARIE Leopoldo Magno Coutinho,6027,nature reserve in Brazil (ARIE)
RVS Libélulas da Serra de São José,4959,nature reserve in Brazil (RVS)
RDS Limoeiro,5561,nature reserve in Brazil (RDS)
APA Litoral Norte do Estado da Bahia,2075,nature reserve in Brazil (APA)
APA Litoral Sul do Estado de Sergipe,2845,nature reserve in Brazil (APA)
FLONA Lorena,2793,nature reserve in Brazil (FLONA)
APA Macaé de Cima (APA),3509,nature reserve in Brazil (APA)
FLONA Macauã,646,nature reserve in Brazil (FLONA)
RVS Macaúbas,5533,nature reserve in Brazil (RVS)
PES Mãe Bonifácia,3456,nature reserve in Brazil (PES)
RESEX Mãe Grande de Curuçá,3469,nature reserve in Brazil (RESEX)
REBIO Maicuru,4639,nature reserve in Brazil (REBIO)
RDS Mamirauá,789,nature reserve in Brazil (RDS)
APA Mananciais da Bacia Hidrográfica do rio Paraíba do Sul,5216,nature reserve in Brazil (APA)
PES Mananciais de Campos do Jordão,879,nature reserve in Brazil (PES)
RESEX Mandira,3465,nature reserve in Brazil (RESEX)
FES Manduri - Luiz Fiorucci,1078,nature reserve in Brazil (FES)
APA Mangaratiba,2173,nature reserve in Brazil (APA)
APA Mangue Seco,1043,nature reserve in Brazil (APA)
ARIE Manguezais da Foz do Rio Mamanguape,2002,nature reserve in Brazil (ARIE)
RESEC Manguezais da Lagoa do Roteiro,1053,nature reserve in Brazil (RESEC)
REBIO Manicoré,5431,nature reserve in Brazil (REBIO)
FES Manicoré,4261,nature reserve in Brazil (FES)
FLONA Mapiá-Inauini,647,nature reserve in Brazil (FLONA)
PARNA Mapinguari,4968,nature reserve in Brazil (PARNA)
RESEX Mapuá,4326,nature reserve in Brazil (RESEX)
ESEC Maracá,606,nature reserve in Brazil (ESEC)
ESEC Maracá-Jipioca,607,nature reserve in Brazil (ESEC)
RESEX Maracatiara,3028,nature reserve in Brazil (RESEX)
ESEC Mar de Espanha,2133,nature reserve in Brazil (ESEC)
APA Margem Direita do Rio Negro,847,nature reserve in Brazil (APA)
APA Margem Esquerda do Rio Negro,846,nature reserve in Brazil (APA)
APA Maricá,2174,nature reserve in Brazil (APA)
ESEC Marília,2779,nature reserve in Brazil (ESEC)
APA Marimbus/Iraquara,1024,nature reserve in Brazil (APA)
RESEX Marinha Cuinarana,5403,nature reserve in Brazil (RESEX)
RESEX Marinha da Baía do Iguape,2584,nature reserve in Brazil (RESEX)
RESEX Marinha da Lagoa do Jequiá,2884,nature reserve in Brazil (RESEX)
RESEX Marinha de Araí-Peroba,4328,nature reserve in Brazil (RESEX)
RESEX Marinha de Caeté-Taperaçu,4325,nature reserve in Brazil (RESEX)
RESEX Marinha de Gurupi-Piriá,4329,nature reserve in Brazil (RESEX)
RESEX Marinha de Itaipu,5636,nature reserve in Brazil (RESEX)
RESEX Marinha de Soure,2942,nature reserve in Brazil (RESEX)
RESEX Marinha de Tracuateua,4324,nature reserve in Brazil (RESEX)
RESEX Marinha do Arraial do Cabo,1149,nature reserve in Brazil (RESEX)
REBIO Marinha do Arvoredo,1109,nature reserve in Brazil (REBIO)
RESEX Marinha do Corumbau,2585,nature reserve in Brazil (RESEX)
RESEX Marinha do Delta do Parnaíba,2680,nature reserve in Brazil (RESEX)
APA Marinha do Litoral Centro,5021,nature reserve in Brazil (APA)
APA Marinha do Litoral Norte,5018,nature reserve in Brazil (APA)
APA Marinha do Litoral Sul,5020,nature reserve in Brazil (APA)
RESEX Marinha do Maracanã,3464,nature reserve in Brazil (RESEX)
RESEX Marinha do Pirajubaé,944,nature reserve in Brazil (RESEX)
RESEX Marinha Mestre Lucindo,5402,nature reserve in Brazil (RESEX)
RESEX Marinha Mocapajuba,5401,nature reserve in Brazil (RESEX)
RESEX Marinha Prainha do Canto Verde,4705,nature reserve in Brazil (RESEX)
APA Marinha Recifes Serrambi,6053,nature reserve in Brazil (APA)
PES Marinho Banco do Álvaro,6048,nature reserve in Brazil (PES)
PES Marinho Banco do Tarol,6049,nature reserve in Brazil (PES)
PES Marinho da Laje de Santos,931,nature reserve in Brazil (PES)
PES Marinho da Pedra da Risca do Meio,2313,nature reserve in Brazil (PES)
PARNA Marinho das Ilhas dos Currais,5369,nature reserve in Brazil (PARNA)
PES Marinho de Areia Vermelha,2895,nature reserve in Brazil (PES)
PARNA Marinho de Fernando de Noronha,870,nature reserve in Brazil (PARNA)
RDS Marinho do Aventureiro,2450,nature reserve in Brazil (RDS)
PES Marinho do Parcel de Manuel Luís,764,nature reserve in Brazil (PES)
PARNA Marinho dos Abrolhos,988,nature reserve in Brazil (PARNA)
FLONA Mário Xavier,949,nature reserve in Brazil (FLONA)
PES Marituba,6052,nature reserve in Brazil (PES)
APA Marituba do Peixe,1054,nature reserve in Brazil (APA)
PES Massairo Okamura,3457,nature reserve in Brazil (PES)
APA Massambaba,2175,nature reserve in Brazil (APA)
RESEX Massaranduba,3026,nature reserve in Brazil (RESEX)
PES Mata Atlântica,5508,nature reserve in Brazil (PES)
RBIOSF Mata Atlântica,3164,nature reserve in Brazil (RBIOSF)
CEC Mata Atlântica,5201,nature reserve in Brazil (CEC)
PES Mata da Pimenteira,5242,nature reserve in Brazil (PES)
PES Mata da Pipa,5653,nature reserve in Brazil (PES)
PES Mata das Flores,1038,nature reserve in Brazil (PES)
RVS Mata da Usina São José,5534,nature reserve in Brazil (RVS)
RVS Mata de Bom Jardim,5535,nature reserve in Brazil (RVS)
RVS Mata de Caraúna,5536,nature reserve in Brazil (RVS)
PES Mata de Duas Lagoas,5523,nature reserve in Brazil (PES)
RVS Mata de Jaguaribe,5538,nature reserve in Brazil (RVS)
RVS Mata de Miritiba,5539,nature reserve in Brazil (RVS)
RVS Mata de Mussaíba,5540,nature reserve in Brazil (RVS)
RVS Mata de Santa Cruz,6056,nature reserve in Brazil (RVS)
ARIE Mata de Santa Genebra,1169,nature reserve in Brazil (ARIE)
RVS Mata de Tapacurá,5537,nature reserve in Brazil (RVS)
RVS Mata do Amparo,1244,nature reserve in Brazil (RVS)
RVS Mata do Bitury,6061,nature reserve in Brazil (RVS)
RVS Mata do Buraquinho,5541,nature reserve in Brazil (RVS)
RVS Mata do Camucim,5530,nature reserve in Brazil (RVS)
ESEC Mata do Cedro,3426,nature reserve in Brazil (ESEC)
ARIE Mata do Cipó,5643,nature reserve in Brazil (ARIE)
RVS Mata do Contra Açude,5542,nature reserve in Brazil (RVS)
RVS Mata do Curado,5543,nature reserve in Brazil (RVS)
RVS Mata do Engenho Salgadinho,5544,nature reserve in Brazil (RVS)
RVS Mata do Engenho São João,1215,nature reserve in Brazil (RVS)
RVS Mata do Engenho Uchóa,5545,nature reserve in Brazil (RVS)
PES Mata do Godoy,1049,nature reserve in Brazil (PES)
APA Mata do Iguatemi,948,nature reserve in Brazil (APA)
ESEC Mata do Jacaré,925,nature reserve in Brazil (ESEC)
RVS Mata do Junco,4903,nature reserve in Brazil (RVS)
APA Mata do Krambeck,2822,nature reserve in Brazil (APA)
PES Mata do Limoeiro,5524,nature reserve in Brazil (PES)
RVS Mata do Outeiro do Pedro,5546,nature reserve in Brazil (RVS)
PES Mata do Pau Ferro,1003,nature reserve in Brazil (PES)
RVS Mata do Quizanga,5547,nature reserve in Brazil (RVS)
RESEC Mata do Rio Vermelho,1002,nature reserve in Brazil (RESEC)
ESEC Mata dos Ausentes,2136,nature reserve in Brazil (ESEC)
RVS Mata do Sistema Gurjaú,5548,nature reserve in Brazil (RVS)
RVS Mata dos Muriquis,4946,nature reserve in Brazil (RVS)
RVS Mata do Toro,5549,nature reserve in Brazil (RVS)
RVS Mata do Urucu,5550,nature reserve in Brazil (RVS)
PES Mata do Xém-Xém,2896,nature reserve in Brazil (PES)
PES Mata do Zumbi,5525,nature reserve in Brazil (PES)
RVS Mata Engenho Macaxeira,5551,nature reserve in Brazil (RVS)
REBIO Mata Escura,3524,nature reserve in Brazil (REBIO)
RESEX Mata Grande,629,nature reserve in Brazil (RESEX)
FLONA Mata Grande (FLONA),4182,nature reserve in Brazil (FLONA)
RVS Mata Lanço dos Cações,5552,nature reserve in Brazil (RVS)
ARIE Matão de Cosmópolis,896,nature reserve in Brazil (ARIE)
REBIO Mata Paludosa,2891,nature reserve in Brazil (REBIO)
ESEC Mata Preta,4382,nature reserve in Brazil (ESEC)
PES Mata São Francisco,1180,nature reserve in Brazil (PES)
RVS Mata São João da Várzea,5553,nature reserve in Brazil (RVS)
RVS Matas de Água Azul,6058,nature reserve in Brazil (RVS)
RVS Matas de Siriji,6057,nature reserve in Brazil (RVS)
PES Matas do Segredo,2931,nature reserve in Brazil (PES)
PES Mata Seca,3428,nature reserve in Brazil (PES)
RVS Mata Seca,6079,nature reserve in Brazil (RVS)
RVS Mata serra do Cotovelo,5554,nature reserve in Brazil (RVS)
REBIO Mato Grande,2314,nature reserve in Brazil (REBIO)
RDS Matupiri,5055,nature reserve in Brazil (RDS)
PES Matupiri,4858,nature reserve in Brazil (PES)
FES Maués,4234,nature reserve in Brazil (FES)
APA Meandros do Rio Araguaia,1352,nature reserve in Brazil (APA)
RESEX Médio Juruá,1151,nature reserve in Brazil (RESEX)
RVS Médio Paraíba,5638,nature reserve in Brazil (RVS)
RESEX Médio Purus,4860,nature reserve in Brazil (RESEX)
PES Mendanha,5379,nature reserve in Brazil (PES)
APA Mestre Álvaro,1036,nature reserve in Brazil (APA)
RVS Mestre DArmas,6080,nature reserve in Brazil (RVS)
RVS Metrópole da Amazônia,5124,nature reserve in Brazil (RVS)
FES Metropolitana,1267,nature reserve in Brazil (FES)
APA Metropolitana de Belém,772,nature reserve in Brazil (APA)
ESEC Mico Leão Preto,3194,nature reserve in Brazil (ESEC)
PES Mirador,763,nature reserve in Brazil (PES)
ESEC Mogi-Guaçu - Prof. Hermógenes de Freitas L. Filho,966,nature reserve in Brazil (ESEC)
REBIO Mogi-Guaçu (REBIO),1074,nature reserve in Brazil (REBIO)
FES Mogno,3558,nature reserve in Brazil (FES)
RESEX Mogno (Resex),3025,nature reserve in Brazil (RESEX)
PES Monge,2245,nature reserve in Brazil (PES)
MONAT Monólitos de Quixadá,5647,nature reserve in Brazil (MONAT)
PARNA Montanhas do Tumucumaque,3226,nature reserve in Brazil (PARNA)
PES Monte Alegre,3169,nature reserve in Brazil (PES)
PARNA Monte Pascoal (Parque Nacional e Histórico),997,nature reserve in Brazil (PARNA)
PARNA Monte Roraima,594,nature reserve in Brazil (PARNA)
PES Montezuma,5514,nature reserve in Brazil (PES)
APA Morro da Pedreira,933,nature reserve in Brazil (APA)
ARIE Morro da Vargem,4819,nature reserve in Brazil (ARIE)
MONAT Morro de Santo Antônio,4870,nature reserve in Brazil (MONAT)
APA Morro de São Bento,954,nature reserve in Brazil (APA)
RVS Morro do Careca,6081,nature reserve in Brazil (RVS)
PES Morro do Chapéu,2084,nature reserve in Brazil (PES)
PES Morro do Diabo,902,nature reserve in Brazil (PES)
REBIO Morro dos Seis Lagos,792,nature reserve in Brazil (REBIO)
APA Morro do Urubu,2842,nature reserve in Brazil (APA)
RVS Morros do Craunã e do Padre,5531,nature reserve in Brazil (RVS)
APA Morros Garapenses,5137,nature reserve in Brazil (APA)
FLONA Mulata,1394,nature reserve in Brazil (FLONA)
APA Murici,5210,nature reserve in Brazil (APA)
ESEC Murici (ESEC),2579,nature reserve in Brazil (ESEC)
FERS Mutum,3018,nature reserve in Brazil (FERS)
PES Nascentes,6102,nature reserve in Brazil (PES)
REBIO Nascentes da Serra do Cachimbo,4327,nature reserve in Brazil (REBIO)
APA Nascentes de Araguaína,2957,nature reserve in Brazil (APA)
PARNA Nascentes do Lago Jari,4843,nature reserve in Brazil (PARNA)
PES Nascentes do Paranapanema,5306,nature reserve in Brazil (PES)
APA Nascentes do Rio Canindé,5465,nature reserve in Brazil (APA)
ARIE Nascentes do Rio de Contas,3563,nature reserve in Brazil (ARIE)
APA Nascentes do Rio Longá,5466,nature reserve in Brazil (APA)
APA Nascentes do Rio Paraguai,5114,nature reserve in Brazil (APA)
PARNA Nascentes do Rio Parnaíba,3193,nature reserve in Brazil (PARNA)
PES Nascentes do Rio Taquari,2932,nature reserve in Brazil (PES)
APA Nascentes do Rio Uruçuí-Preto,5467,nature reserve in Brazil (APA)
APA Nascentes do Rio Vermelho,2883,nature reserve in Brazil (APA)
PES Nascentes do Tietê,848,nature reserve in Brazil (PES)
RDS Nascentes Geraizeiras,5406,nature reserve in Brazil (RDS)
APA Naufrágio Queimado,6037,nature reserve in Brazil (APA)
FLONA Negreiros,4884,nature reserve in Brazil (FLONA)
APA Nhamundá,4232,nature reserve in Brazil (APA)
ESEC Niquiá,609,nature reserve in Brazil (ESEC)
FLONA Nísia Floresta,2886,nature reserve in Brazil (FLONA)
ESEC Noroeste Paulista,907,nature reserve in Brazil (ESEC)
FES Noroeste Paulista,6033,nature reserve in Brazil (FES)
PES Nova Baden,2137,nature reserve in Brazil (PES)
MONAT O Frade e a Freira,5642,nature reserve in Brazil (MONAT)
APA Onças,6036,nature reserve in Brazil (APA)
PARNA Pacaás Novos,596,nature reserve in Brazil (PARNA)
FLONA Pacotuba,3463,nature reserve in Brazil (FLONA)
FLONA Palmares,4268,nature reserve in Brazil (FLONA)
PES Palmas,2246,nature reserve in Brazil (PES)
PES Palmito,2435,nature reserve in Brazil (PES)
RBIOSF Pantanal,5188,nature reserve in Brazil (RBIOSF)
PES Pantanal do Rio Negro,2933,nature reserve in Brazil (PES)
PARNA Pantanal Mato-Grossense,600,nature reserve in Brazil (PARNA)
PES Papagaio Charão,2308,nature reserve in Brazil (PES)
PES Paracatu,5515,nature reserve in Brazil (PES)
ESEC Paranapanema (ESEC),961,nature reserve in Brazil (ESEC)
FES Paranapanema (FES),2208,nature reserve in Brazil (FES)
ARIE Paranoá Sul,1303,nature reserve in Brazil (ARIE)
FLONA Paraopeba,2351,nature reserve in Brazil (FLONA)
PES Paraúna,2888,nature reserve in Brazil (PES)
REBIO Parazinho,808,nature reserve in Brazil (REBIO)
CEC Parna da Serra da Capivara/Parna da Serra das Confusões,4301,nature reserve in Brazil (CEC)
APA Parque e Fazenda do Carmo,882,nature reserve in Brazil (APA)
ARIE Parque Juscelino Kubitschek,2530,nature reserve in Brazil (ARIE)
FES Paru,4642,nature reserve in Brazil (FES)
FES Passa Dois,1191,nature reserve in Brazil (FES)
FLONA Passa Quatro,2349,nature reserve in Brazil (FLONA)
APA Passaúna,1283,nature reserve in Brazil (APA)
FLONA Passo Fundo,1291,nature reserve in Brazil (FLONA)
PARNA Pau Brasil,2519,nature reserve in Brazil (PARNA)
ESEC Pau Brasil,6034,nature reserve in Brazil (ESEC)
APA Pau Brasil (APA),3191,nature reserve in Brazil (APA)
RFAU Pau Doleo,5565,nature reserve in Brazil (RFAU)
PES Pau Furado,4825,nature reserve in Brazil (PES)
PES Paulo Cesar Vinha,1039,nature reserve in Brazil (PES)
ESEC Paulo de Faria,1060,nature reserve in Brazil (ESEC)
PES Pau-Oco,1181,nature reserve in Brazil (PES)
FLONA Pau-Rosa,1400,nature reserve in Brazil (FLONA)
APA Paytuna,3170,nature reserve in Brazil (APA)
ESEC Pecém,2807,nature reserve in Brazil (ESEC)
APA Pé da Serra Azul,812,nature reserve in Brazil (APA)
FES Pederneiras,2783,nature reserve in Brazil (FES)
PES Pedra Azul,1035,nature reserve in Brazil (PES)
ARIE Pedra Branca (ARIE),895,nature reserve in Brazil (ARIE)
PES Pedra Branca (PES),1288,nature reserve in Brazil (PES)
PES Pedra da Boca,2897,nature reserve in Brazil (PES)
MONAT Pedra da Cebola,2976,nature reserve in Brazil (MONAT)
"MONAT Pedra do Baú,",6030,nature reserve in Brazil (MONAT)
MONAT Pedra do Cachorro,5507,nature reserve in Brazil (MONAT)
APA Pedra do Elefante,4820,nature reserve in Brazil (APA)
MONAT Pedra Grande,5128,nature reserve in Brazil (MONAT)
PES Pedra Selada,5509,nature reserve in Brazil (PES)
RESEX Pedras Negras,1320,nature reserve in Brazil (RESEX)
REBIO Pedra Talhada,856,nature reserve in Brazil (REBIO)
PES Penhasco Verde,2764,nature reserve in Brazil (PES)
APA Pequeno,2431,nature reserve in Brazil (APA)
FERS Periquito,3017,nature reserve in Brazil (FERS)
RVS Periquito Cara-Suja,5648,nature reserve in Brazil (RVS)
REBIO Perobas,4440,nature reserve in Brazil (REBIO)
RVS Pe. Sérgio Tonetto,5437,nature reserve in Brazil (RVS)
MONAT Peter Lund,5099,nature reserve in Brazil (MONAT)
APA Petrópolis,887,nature reserve in Brazil (APA)
APA Piaçabuçu,986,nature reserve in Brazil (APA)
RDS Piagaçu-Purus,3552,nature reserve in Brazil (RDS)
PARNA Pico da Neblina,597,nature reserve in Brazil (PARNA)
APA Pico do Goiapaba-Açu,1031,nature reserve in Brazil (APA)
MONAT Pico do Ibituruna,2148,nature reserve in Brazil (MONAT)
MONAT Pico do Itabirito,6039,nature reserve in Brazil (MONAT)
PES Pico do Itambé,2814,nature reserve in Brazil (PES)
PES Pico do Jabre,1004,nature reserve in Brazil (PES)
PES Pico do Marumbi,1190,nature reserve in Brazil (PES)
PES Pico Paraná,3188,nature reserve in Brazil (PES)
RVS Pinhão,1273,nature reserve in Brazil (RVS)
RDS Pinheirinhos,4933,nature reserve in Brazil (RDS)
RESEX Piquiá,3024,nature reserve in Brazil (RESEX)
APA Piquiri-Una,2014,nature reserve in Brazil (APA)
FLONA Piraí do Sul,4238,nature reserve in Brazil (FLONA)
FES Piraju,1075,nature reserve in Brazil (FES)
ESEC Pirapitinga,1103,nature reserve in Brazil (ESEC)
APA Piraquara,2239,nature reserve in Brazil (APA)
APA Pireneus (APA),2889,nature reserve in Brazil (APA)
PES Pirineus (PES),2141,nature reserve in Brazil (PES)
APA Planalto Central,2967,nature reserve in Brazil (APA)
APA Planalto do Turvo,4938,nature reserve in Brazil (APA)
APA Plataforma Continental do Litoral Norte,3566,nature reserve in Brazil (APA)
REBIO Poço das Antas,987,nature reserve in Brazil (REBIO)
PES Podocarpus,2301,nature reserve in Brazil (PES)
APA Ponta da Baleia/Abrolhos,1208,nature reserve in Brazil (APA)
RDS Ponta do Tubarão,4817,nature reserve in Brazil (RDS)
MONAT Pontal da Santa Cruz,6076,nature reserve in Brazil (MONAT)
MONAT Pontões Capixabas,3476,nature reserve in Brazil (MONAT)
PES Porto Ferreira,876,nature reserve in Brazil (PES)
APA Pouso Alto,3258,nature reserve in Brazil (APA)
REBIO Praia do Sul,2190,nature reserve in Brazil (REBIO)
APA Praia Mole,1032,nature reserve in Brazil (APA)
APA Pratigi,2850,nature reserve in Brazil (APA)
PES Prelado,4769,nature reserve in Brazil (PES)
PES Professor José Wachowicz,3190,nature reserve in Brazil (PES)
ARIE Proj. Dinâmica B. de Fragmentos Florestais,3197,nature reserve in Brazil (ARIE)
PES Prosa,3499,nature reserve in Brazil (PES)
RDS Pucuruí-Ararão,3167,nature reserve in Brazil (RDS)
RDS Puranga Conquista,5388,nature reserve in Brazil (RDS)
FLONA Purus,651,nature reserve in Brazil (FLONA)
PES Quarta Colônia,5510,nature reserve in Brazil (PES)
RVS Quelônios do Araguaia,2762,nature reserve in Brazil (RVS)
RESEX Quilombo Frechal,632,nature reserve in Brazil (RESEX)
RDS Quilombos de Barra do Turvo,4932,nature reserve in Brazil (RDS)
APA Quilombos do Médio Ribeira,4941,nature reserve in Brazil (APA)
PES Quineira,4765,nature reserve in Brazil (PES)
PES Rangel,3060,nature reserve in Brazil (PES)
ESEC Raso da Catarina,983,nature reserve in Brazil (ESEC)
RESEX Recanto das Araras de Terra Ronca,4510,nature reserve in Brazil (RESEX)
APA Recifes de Corais,3543,nature reserve in Brazil (APA)
APA Reentrâncias Maranhenses,782,nature reserve in Brazil (APA)
APA Região de Maracanã,780,nature reserve in Brazil (APA)
RESEX Renascer,4764,nature reserve in Brazil (RESEX)
CEC Reserva Florestal Adolpho Ducke Puraquequara,5445,nature reserve in Brazil (CEC)
PES Restinga de Bertioga,6032,nature reserve in Brazil (PES)
FLONA Restinga de Cabedelo,4237,nature reserve in Brazil (FLONA)
PARNA Restinga de Jurubatiba,2425,nature reserve in Brazil (PARNA)
ARIE Riacho da Matinha,6073,nature reserve in Brazil (ARIE)
RVS Riacho Pontal,5386,nature reserve in Brazil (RVS)
ESEC Ribeirão Preto,1061,nature reserve in Brazil (ESEC)
ESEC Rio Acre,610,nature reserve in Brazil (ESEC)
RDS Rio Amapá,4335,nature reserve in Brazil (RDS)
APA Rio Batalha,2791,nature reserve in Brazil (APA)
RESEX Rio Cajari,627,nature reserve in Brazil (RESEX)
PES Rio Canoas,4815,nature reserve in Brazil (PES)
APA Rio Capivara,1027,nature reserve in Brazil (APA)
RESEX Rio Cautário,1399,nature reserve in Brazil (RESEX)
RESEX Rio Cautário (Estadual),1322,nature reserve in Brazil (RESEX)
APA Rio Cênico Rotas Monçoeiras,3062,nature reserve in Brazil (APA)
PES Rio Cocó,2008,nature reserve in Brazil (PES)
PES Rio Corrente,2922,nature reserve in Brazil (PES)
APA Rio Curiaú,807,nature reserve in Brazil (APA)
APA Rio da Casca,5155,nature reserve in Brazil (APA)
ESEC Rio da Casca,3542,nature reserve in Brazil (ESEC)
PES Rio da Onça,1282,nature reserve in Brazil (PES)
REBIO Rio Descoberto,5556,nature reserve in Brazil (REBIO)
PES Rio Doce,1163,nature reserve in Brazil (PES)
PES Rio do Peixe,3420,nature reserve in Brazil (PES)
RVS Rio dos Frades,4475,nature reserve in Brazil (RVS)
ESEC Rio dos Touros,2900,nature reserve in Brazil (ESEC)
ESEC Rio Flor do Prado,4806,nature reserve in Brazil (ESEC)
MONAT Rio Formoso,4187,nature reserve in Brazil (MONAT)
RESEX Rio Gregório,4803,nature reserve in Brazil (RESEX)
FES Rio Gregório,3559,nature reserve in Brazil (FES)
APA Rio Guandu,2965,nature reserve in Brazil (APA)
PES Rio Guarani,2765,nature reserve in Brazil (PES)
RDS Rio Iratapuru,1350,nature reserve in Brazil (RDS)
RESEX Rio Iriri,4480,nature reserve in Brazil (RESEX)
PES Rio Ivinhema,2930,nature reserve in Brazil (PES)
RESEX Rio Jutaí,3199,nature reserve in Brazil (RESEX)
FES Rio Liberdade,3560,nature reserve in Brazil (FES)
APA Rio Macacu,3470,nature reserve in Brazil (APA)
FERS Rio Machado,816,nature reserve in Brazil (FERS)
APA Rio Madeira,841,nature reserve in Brazil (APA)
RDS Rio Madeira,4773,nature reserve in Brazil (RDS)
FERS Rio Madeira (B),3016,nature reserve in Brazil (FERS)
FERS Rio Madeira (C),4186,nature reserve in Brazil (FERS)
ESEC Rio Madeirinha,1347,nature reserve in Brazil (ESEC)
APA Rio Maranguapinho,6070,nature reserve in Brazil (APA)
RDS Rio Negro,5036,nature reserve in Brazil (RDS)
PES Rio Negro Setor Norte,845,nature reserve in Brazil (PES)
PES Rio Negro Setor Sul,929,nature reserve in Brazil (PES)
PARNA Rio Novo,4448,nature reserve in Brazil (PARNA)
RESEX Rio Ouro Preto,628,nature reserve in Brazil (RESEX)
REBIO Rio Ouro Preto,827,nature reserve in Brazil (REBIO)
RESEX Rio Pacaás Novos,1318,nature reserve in Brazil (RESEX)
APA Rio Pacoti (APA),2805,nature reserve in Brazil (APA)
CEC Rio Pacoti (CEC),2975,nature reserve in Brazil (CEC)
APA Rio Pandeiros,2823,nature reserve in Brazil (APA)
RVS Rio Pandeiros,5064,nature reserve in Brazil (RVS)
APA Rio Pardinho e do Rio Vermelho,4940,nature reserve in Brazil (APA)
APA Rio Preto,5327,nature reserve in Brazil (APA)
ESEC Rio Preto,5329,nature reserve in Brazil (ESEC)
FLONA Rio Preto (FLONA),950,nature reserve in Brazil (FLONA)
RESEX Rio Preto-Jacundá,1317,nature reserve in Brazil (RESEX)
FLOREX Rio Preto-Jacundá,839,nature reserve in Brazil (FLOREX)
PES Rio Preto (PES),2840,nature reserve in Brazil (PES)
ESEC Rio Ronuro,1349,nature reserve in Brazil (ESEC)
ESEC Rio Roosevelt,1346,nature reserve in Brazil (ESEC)
MONAT Rio São Francisco,5077,nature reserve in Brazil (MONAT)
APA Rios Piracicaba e Juqueri-Mirim,968,nature reserve in Brazil (APA)
RVS Rios São Benedito e Azul,6022,nature reserve in Brazil (RVS)
RVS Rios Tijuco e da Prata,6046,nature reserve in Brazil (RVS)
REBIO Rio Trombetas,623,nature reserve in Brazil (REBIO)
PES Rio Turvo,4929,nature reserve in Brazil (PES)
RESEX Rio Unini,4416,nature reserve in Brazil (RESEX)
FES Rio Urubu,3548,nature reserve in Brazil (FES)
APA Rio Verde,3054,nature reserve in Brazil (APA)
PES Rio Vermelho,2275,nature reserve in Brazil (PES)
FERS Rio Vermelho (C),819,nature reserve in Brazil (FERS)
RESEX Rio Xingu,4888,nature reserve in Brazil (RESEX)
RESEX Riozinho da Liberdade,4264,nature reserve in Brazil (RESEX)
RESEX Riozinho do Anfrísio,4248,nature reserve in Brazil (RESEX)
FLONA Ritápolis,2352,nature reserve in Brazil (FLONA)
PES Roberto Ribas Lange,1179,nature reserve in Brazil (PES)
APA Roncador,5566,nature reserve in Brazil (APA)
FLONA Roraima,652,nature reserve in Brazil (FLONA)
APA Rota do Sol,2455,nature reserve in Brazil (APA)
RESEX Roxinho,3023,nature reserve in Brazil (RESEX)
RESEC Saco da Pedra,1052,nature reserve in Brazil (RESEC)
PES Sagarana,4190,nature reserve in Brazil (PES)
PARNA Saint-Hilaire/Lange,2577,nature reserve in Brazil (PARNA)
REBIO Saltinho,984,nature reserve in Brazil (REBIO)
APA Salto Magessi,3541,nature reserve in Brazil (APA)
MONAT Salto São João,6065,nature reserve in Brazil (MONAT)
ESEC Samuel,825,nature reserve in Brazil (ESEC)
ESEC Santa Bárbara,962,nature reserve in Brazil (ESEC)
FES Santa Bárbara do Rio Pardo,1076,nature reserve in Brazil (FES)
PES Santa Clara,5520,nature reserve in Brazil (PES)
APA Santa Cruz,5480,nature reserve in Brazil (APA)
RVS Santa Cruz,5145,nature reserve in Brazil (RVS)
REBIO Santa Isabel,857,nature reserve in Brazil (REBIO)
ESEC Santa Maria,964,nature reserve in Brazil (ESEC)
CEC Santa Maria (CEC),2973,nature reserve in Brazil (CEC)
FES Santana (FES),1188,nature reserve in Brazil (FES)
APA Santa Rita (APA),1051,nature reserve in Brazil (APA)
APA Santa Rosa,5362,nature reserve in Brazil (APA)
FLONA Santa Rosa do Purus,1401,nature reserve in Brazil (FLONA)
APA Santo Antônio,1199,nature reserve in Brazil (APA)
MONAT Santo Antônio,5500,nature reserve in Brazil (MONAT)
ARIE Santuário de Vida Silvestre do Riacho Fundo,1300,nature reserve in Brazil (ARIE)
PES São Camilo,1286,nature reserve in Brazil (PES)
APA São Desidério,5481,nature reserve in Brazil (APA)
ARIE São Domingos,1268,nature reserve in Brazil (ARIE)
REBIO São Donato,2315,nature reserve in Brazil (REBIO)
FLONA São Francisco,1402,nature reserve in Brazil (FLONA)
FLONA São Francisco de Paula,1292,nature reserve in Brazil (FLONA)
APA São Francisco Xavier,3446,nature reserve in Brazil (APA)
APA São Geraldo do Araguaia,1312,nature reserve in Brazil (APA)
RESEX São João da Ponta,3466,nature reserve in Brazil (RESEX)
PARNA São Joaquim,998,nature reserve in Brazil (PARNA)
FES São Judas Tadeu,5495,nature reserve in Brazil (FES)
ARIE São Sebastião (ARIE),5019,nature reserve in Brazil (ARIE)
APA Sapucaí-Mirim,2480,nature reserve in Brazil (APA)
FLONA Saracá-Taquera,660,nature reserve in Brazil (FLONA)
REBIO Sassafrás,1156,nature reserve in Brazil (REBIO)
REBIO Scharlau,2316,nature reserve in Brazil (REBIO)
ESEC Sebastião Aleixo da Silva (Bauru),921,nature reserve in Brazil (ESEC)
APA Seminário Menor de Mariana,2100,nature reserve in Brazil (APA)
PARNA Sempre-Vivas,3467,nature reserve in Brazil (PARNA)
APA Sepetiba II,5478,nature reserve in Brazil (APA)
ESEC Seridó,936,nature reserve in Brazil (ESEC)
ARIE Seringal Nova Esperança,1364,nature reserve in Brazil (ARIE)
RESEX Seringueira,3022,nature reserve in Brazil (RESEX)
PES Serra Azul,811,nature reserve in Brazil (PES)
REBIO Serra Azul (MG),2923,nature reserve in Brazil (REBIO)
APA Serra Branca/Raso da Catarina,2353,nature reserve in Brazil (APA)
ARIE Serra da Abelha,1112,nature reserve in Brazil (ARIE)
APA Serra da Aratanha,2714,nature reserve in Brazil (APA)
PES Serra da Baitaca,3189,nature reserve in Brazil (PES)
MONAT Serra da Beleza,5634,nature reserve in Brazil (MONAT)
PES Serra da Boa Esperança,4824,nature reserve in Brazil (PES)
PARNA Serra da Bocaina,851,nature reserve in Brazil (PARNA)
PARNA Serra da Bodoquena,2578,nature reserve in Brazil (PARNA)
PARNA Serra da Canastra,995,nature reserve in Brazil (PARNA)
PES Serra da Candonga,2921,nature reserve in Brazil (PES)
ESEC Serra da Canoa,5243,nature reserve in Brazil (ESEC)
PARNA Serra da Capivara,1275,nature reserve in Brazil (PARNA)
PES Serra da Concórdia,3489,nature reserve in Brazil (PES)
PARNA Serra da Cutia,1396,nature reserve in Brazil (PARNA)
PES Serra da Esperança,5511,nature reserve in Brazil (PES)
APA Serra da Esperança,2380,nature reserve in Brazil (APA)
RVS Serra da Estrela,5640,nature reserve in Brazil (RVS)
FES Serra Dágua,5494,nature reserve in Brazil (FES)
APA Serra da Ibiapaba,1145,nature reserve in Brazil (APA)
APA Serra da Jibóia,3082,nature reserve in Brazil (APA)
APA Serra da Mantiqueira,886,nature reserve in Brazil (APA)
APA Serra da Meruoca,5035,nature reserve in Brazil (APA)
PARNA Serra da Mocidade,1334,nature reserve in Brazil (PARNA)
MONAT Serra da Moeda,5503,nature reserve in Brazil (MONAT)
MONAT Serra da Piedade,6038,nature reserve in Brazil (MONAT)
ESEC Serra das Araras,613,nature reserve in Brazil (ESEC)
PES Serra das Araras (MG),2917,nature reserve in Brazil (PES)
RVS Serra das Aroeiras,6047,nature reserve in Brazil (RVS)
PARNA Serra das Confusões,2461,nature reserve in Brazil (PARNA)
APA Serra das Galés e da Portaria,3255,nature reserve in Brazil (APA)
PARNA Serra das Lontras,5139,nature reserve in Brazil (PARNA)
APA Serra das Mangabeiras,3057,nature reserve in Brazil (APA)
MONAT Serra das Torres,5496,nature reserve in Brazil (MONAT)
APA Serra da Tabatinga,636,nature reserve in Brazil (APA)
PES Serra da Tiririca,2184,nature reserve in Brazil (PES)
APA Serra de Baturité,2006,nature reserve in Brazil (APA)
PES Serra de Caldas Novas,2140,nature reserve in Brazil (PES)
PARNA Serra de Itabaiana,2334,nature reserve in Brazil (PARNA)
PES Serra de Jaraguá,3080,nature reserve in Brazil (PES)
PES Serra de Santa Bárbara,1345,nature reserve in Brazil (PES)
PES Serra de Santo Antônio,5622,nature reserve in Brazil (PES)
APA Serra de São José,2101,nature reserve in Brazil (APA)
APA Serra de Sapiatiba,2469,nature reserve in Brazil (APA)
PES Serra do Aracá,787,nature reserve in Brazil (PES)
PES Serra do Areal,5526,nature reserve in Brazil (PES)
APA Serra do Barbado,1023,nature reserve in Brazil (APA)
PES Serra do Brigadeiro,2120,nature reserve in Brazil (PES)
PES Serra do Cabral,4826,nature reserve in Brazil (PES)
PES Serra do Cipó,6043,nature reserve in Brazil (PES)
PARNA Serra do Cipó,981,nature reserve in Brazil (PARNA)
PES Serra do Conduru,1197,nature reserve in Brazil (PES)
RVS Serra do Cumaru,5516,nature reserve in Brazil (RVS)
PARNA Serra do Divisor,598,nature reserve in Brazil (PARNA)
MONAT Serra do Gambá,5504,nature reserve in Brazil (MONAT)
PARNA Serra do Gandarela,5221,nature reserve in Brazil (PARNA)
RVS Serra do Giz,6059,nature reserve in Brazil (RVS)
PES Serra do Intendente,4823,nature reserve in Brazil (PES)
PARNA Serra do Itajaí,4242,nature reserve in Brazil (PARNA)
APA Serra do Itapeti,5617,nature reserve in Brazil (APA)
APA Serra do Lajeado,832,nature reserve in Brazil (APA)
APA Serra do Mar (APA),970,nature reserve in Brazil (APA)
PES Serra do Mar (PES),865,nature reserve in Brazil (PES)
ARIE Serra do Orobó,3562,nature reserve in Brazil (ARIE)
APA Serra do Ouro,4914,nature reserve in Brazil (APA)
PES Serra do Ouro Branco,5527,nature reserve in Brazil (PES)
PES Serra do Papagaio,2918,nature reserve in Brazil (PES)
PARNA Serra do Pardo,4265,nature reserve in Brazil (PARNA)
PES Serra do Rola Moça,2485,nature reserve in Brazil (PES)
APA Serra do Sabonetal,2925,nature reserve in Brazil (APA)
PES Serra dos Martírios/Andorinhas,1311,nature reserve in Brazil (PES)
MONAT Serra dos Mascates,5635,nature reserve in Brazil (MONAT)
RVS Serra dos Montes Altos,5190,nature reserve in Brazil (RVS)
PES Serra dos Montes Altos,5189,nature reserve in Brazil (PES)
PES Serra do Sobrado,5528,nature reserve in Brazil (PES)
PARNA Serra dos Órgãos,867,nature reserve in Brazil (PARNA)
PES Serra dos Reis,3036,nature reserve in Brazil (PES)
PES Serra dos Reis A,4185,nature reserve in Brazil (PES)
ESEC Serra dos Três Irmãos,826,nature reserve in Brazil (ESEC)
PES Serra do Tabuleiro,1152,nature reserve in Brazil (PES)
PARNA Serra do Teixeira,6106,nature reserve in Brazil (PARNA)
ARIE Serra do Tigre (ARIE),1271,nature reserve in Brazil (ARIE)
APA Serra Dourada,3083,nature reserve in Brazil (APA)
PES Serra Dourada (PES),3535,nature reserve in Brazil (PES)
PES Serra Furada,1154,nature reserve in Brazil (PES)
APA Serra Geral de Goiás,2575,nature reserve in Brazil (APA)
ESEC Serra Geral do Tocantins,1405,nature reserve in Brazil (ESEC)
PARNA Serra Geral (PARNA),871,nature reserve in Brazil (PARNA)
REBIO Serra Geral (REBIO),2317,nature reserve in Brazil (REBIO)
PES Serra Negra da Mantiqueira,6045,nature reserve in Brazil (PES)
PES Serra Negra (MG),2816,nature reserve in Brazil (PES)
REBIO Serra Negra (REBIO),989,nature reserve in Brazil (REBIO)
PES Serra Nova e Talhado,4191,nature reserve in Brazil (PES)
PES Serra Ricardo Franco,1344,nature reserve in Brazil (PES)
RVS Serras Caatingueiras,6060,nature reserve in Brazil (RVS)
APA Serras e Brejos do Capibaribe,6054,nature reserve in Brazil (APA)
PES Serra Verde,5529,nature reserve in Brazil (PES)
PARNA Sete Cidades,1278,nature reserve in Brazil (PARNA)
PES Sete Passagens,3085,nature reserve in Brazil (PES)
PES Sete Salões,2818,nature reserve in Brazil (PES)
APA Setiba / Paulo César Vinha,1030,nature reserve in Brazil (APA)
ARIE Setor Habitacional Dom Bosco,3121,nature reserve in Brazil (ARIE)
FLONA Silvânia,2794,nature reserve in Brazil (FLONA)
APA Silveiras,975,nature reserve in Brazil (APA)
APA Sirinhaém,2841,nature reserve in Brazil (APA)
APA Sistema Cantareira,2521,nature reserve in Brazil (APA)
MONAT Sítio Cana Brava,6075,nature reserve in Brazil (MONAT)
ARIE Sitio Curio,5489,nature reserve in Brazil (ARIE)
PES Sítio Fundão,5185,nature reserve in Brazil (PES)
PES Sítio Rangedor,4887,nature reserve in Brazil (PES)
MONAT Sítio Riacho do Meio,6072,nature reserve in Brazil (MONAT)
FLONA Sobral,3261,nature reserve in Brazil (FLONA)
REBIO Sooretama,991,nature reserve in Brazil (REBIO)
PES Sucunduri,4257,nature reserve in Brazil (PES)
FES Sucunduri,4258,nature reserve in Brazil (FES)
RESEX Sucupira,3021,nature reserve in Brazil (RESEX)
APA Sul RMBH,2430,nature reserve in Brazil (APA)
PES Sumaúma,3553,nature reserve in Brazil (PES)
PES Sumidouro,2916,nature reserve in Brazil (PES)
PARNA Superagui,854,nature reserve in Brazil (PARNA)
RVS Tabuleiro do Embaubal,5435,nature reserve in Brazil (RVS)
ESEC Taiamã,612,nature reserve in Brazil (ESEC)
ESEC Taim,946,nature reserve in Brazil (ESEC)
PES Tainhas,2299,nature reserve in Brazil (PES)
APA Tambaba,3504,nature reserve in Brazil (APA)
APA Tamoios (APA),2179,nature reserve in Brazil (APA)
ESEC Tamoios (ESEC),947,nature reserve in Brazil (ESEC)
APA Tanquã-Rio Piracicaba,6026,nature reserve in Brazil (APA)
FLONA Tapajós,653,nature reserve in Brazil (FLONA)
APA Tapajós,4442,nature reserve in Brazil (APA)
RESEX Tapajós-Arapiuns,1353,nature reserve in Brazil (RESEX)
FES Tapauá,4842,nature reserve in Brazil (FES)
REBIO Tapirapé,622,nature reserve in Brazil (REBIO)
FLONA Tapirapé-Aquiri,654,nature reserve in Brazil (FLONA)
RESEX Taquari,4937,nature reserve in Brazil (RESEX)
RVS Tatu Bola,5513,nature reserve in Brazil (RVS)
FLONA Tefé,657,nature reserve in Brazil (FLONA)
PES Telma Ortegal,2846,nature reserve in Brazil (PES)
ESEC Terra do Meio,4263,nature reserve in Brazil (ESEC)
RESEX Terra Grande-Pracuúba,4482,nature reserve in Brazil (RESEX)
PES Terra Ronca,2561,nature reserve in Brazil (PES)
APA Tietê (APA),883,nature reserve in Brazil (APA)
PARNA Tijuca,996,nature reserve in Brazil (PARNA)
REBIO Tinguá,855,nature reserve in Brazil (REBIO)
ARIE Torto,6078,nature reserve in Brazil (ARIE)
REBIO Traçadal,828,nature reserve in Brazil (REBIO)
FLONA Trairão,4446,nature reserve in Brazil (FLONA)
FLONA Três Barras,1295,nature reserve in Brazil (FLONA)
PES Três Picos,3186,nature reserve in Brazil (PES)
PES Trilhas,6035,nature reserve in Brazil (PES)
ESEC Tripuí,2145,nature reserve in Brazil (ESEC)
APA Triunfo do Xingu,4644,nature reserve in Brazil (APA)
FES Trombetas,4641,nature reserve in Brazil (FES)
FERS Tucano,3015,nature reserve in Brazil (FERS)
PES Tucumã,3450,nature reserve in Brazil (PES)
ESEC Tupinambás,1104,nature reserve in Brazil (ESEC)
ESEC Tupiniquins (ESEC),1105,nature reserve in Brazil (ESEC)
PES Turístico do Alto Ribeira - PETAR,874,nature reserve in Brazil (PES)
PES Turvo,2303,nature reserve in Brazil (PES)
RDS Uacari,4334,nature reserve in Brazil (RDS)
FES Uaimii,4189,nature reserve in Brazil (FES)
RDS Uatumã,4244,nature reserve in Brazil (RDS)
REBIO Uatumã,624,nature reserve in Brazil (REBIO)
PARNA Ubajara,994,nature reserve in Brazil (PARNA)
REBIO Una,1006,nature reserve in Brazil (REBIO)
RVS Una (RVS),4474,nature reserve in Brazil (RVS)
REBIO União,2399,nature reserve in Brazil (REBIO)
APA Upaon-Açu/Miritiba/Alto Preguiças,783,nature reserve in Brazil (APA)
ESEC Uruçuí-Una,935,nature reserve in Brazil (ESEC)
FLONA Urupadi,5433,nature reserve in Brazil (FLONA)
PES Utinga,773,nature reserve in Brazil (PES)
RVS Vale do Amanhecer,6083,nature reserve in Brazil (RVS)
PES Vale do Codó,4871,nature reserve in Brazil (PES)
MONAT Vale dos Dinossauros,2977,nature reserve in Brazil (MONAT)
ESEC Valinhos,926,nature reserve in Brazil (ESEC)
MONAT Vargem da Pedra,5506,nature reserve in Brazil (MONAT)
APA Vargem das Flores,5488,nature reserve in Brazil (APA)
MONAT Várzea da Lapa,5505,nature reserve in Brazil (MONAT)
MONAT Várzea do Lageado e Serra do Raio,6042,nature reserve in Brazil (MONAT)
APA Várzea do Rio Tietê,1067,nature reserve in Brazil (APA)
PES Vassununga,1071,nature reserve in Brazil (PES)
PES Verde Grande,2919,nature reserve in Brazil (PES)
RESEX Verde para Sempre,4247,nature reserve in Brazil (RESEX)
RDS Veredas do Acari,4188,nature reserve in Brazil (RDS)
RVS Veredas do Oeste Baiano,3460,nature reserve in Brazil (RVS)
PES Veredas do Peruaçu,2123,nature reserve in Brazil (PES)
ARIE Vila Estrutural,5492,nature reserve in Brazil (ARIE)
PES Vila Rica do Espírito Santo,2247,nature reserve in Brazil (PES)
PES Vila Velha,2248,nature reserve in Brazil (PES)
PARNA Viruá,1333,nature reserve in Brazil (PARNA)
RDS Vitória de Souzel,5436,nature reserve in Brazil (RDS)
PES Vitório Piassa,5084,nature reserve in Brazil (PES)
ESEC Wenceslau Guimarães (ESEC),1195,nature reserve in Brazil (ESEC)
RDS Xeruini,5118,nature reserve in Brazil (RDS)
PES Xingu,3458,nature reserve in Brazil (PES)
ESEC Xitué,927,nature reserve in Brazil (ESEC)
PES Xixová-Japuí,873,nature reserve in Brazil (PES)
PES Zoobotânico,3059,nature reserve in Brazil (PES)
